{"cameraMode":{"drawMode":0,"name":"Shaded","section":"Shading Mode"},"sceneLighting":false,"audioPlay":false,"sceneViewState":{"m_AlwaysRefresh":false,"showFog":true,"showSkybox":false,"showFlares":true,"showImageEffects":true,"showParticleSystems":true,"showVisualEffectGraphs":true,"m_FxEnabled":true},"in2DMode":false,"pivot":{"x":1.6904174089431763,"y":2.2123777866363527,"z":-0.19809600710868836},"rotation":{"x":-0.012099668383598328,"y":0.7599150538444519,"z":0.0141275804489851,"w":0.649777352809906},"size":2.598080635070801,"orthographic":false}